0.2919461131095886,0.6363619565963745,-2.0924569810176763e-07,0.238189697265625,0.516949474811554,-0.00342175317928195,0.3006327748298645,0.4125749170780182,-0.03382754325866699,0.3736345171928406,0.312694251537323,-0.06155462935566902,0.38874155282974243,0.22874480485916138,-0.09560374915599823,0.4837377667427063,0.4183672070503235,-0.07825672626495361,0.6532285809516907,0.3350164294242859,-0.1064334511756897,0.7560034394264221,0.28526943922042847,-0.12046074867248535,0.8337380886077881,0.2514561116695404,-0.12614595890045166,0.5619869828224182,0.47873178124427795,-0.06820520013570786,0.5860413312911987,0.42363569140434265,-0.05476909875869751,0.5181974768638611,0.4346196949481964,-0.007754473015666008,0.4799928665161133,0.46430546045303345,0.019821355119347572,0.5886826515197754,0.5459495782852173,-0.05451889708638191,0.591587483882904,0.4860183894634247,-0.049160588532686234,0.5369575023651123,0.49824845790863037,-0.01244072150439024,0.4983278512954712,0.5302392840385437,0.007099119480699301,0.6073703765869141,0.6046212315559387,-0.03686320036649704,0.6033234596252441,0.5505146384239197,-0.020401816815137863,0.5510217547416687,0.559575080871582,0.017151612788438797,0.5158374309539795,0.585801899433136,0.04266048222780228,ALLERGY
0.4295845329761505,0.7039779424667358,-1.9076159674114024e-07,0.36300238966941833,0.6006329655647278,0.0008737717289477587,0.41401705145835876,0.5077502131462097,-0.017107153311371803,0.48439526557922363,0.4254365861415863,-0.03169461712241173,0.5050482749938965,0.3539265990257263,-0.052087608724832535,0.5687170028686523,0.49879229068756104,-0.049551546573638916,0.6979499459266663,0.418531596660614,-0.053259335458278656,0.7719204425811768,0.3676459789276123,-0.05328463017940521,0.8269864320755005,0.33027637004852295,-0.05257571488618851,0.6421748995780945,0.5467376708984375,-0.035134825855493546,0.6542123556137085,0.48939767479896545,0.0019167232094332576,0.5937288999557495,0.5029832720756531,0.05268946290016174,0.5643443465232849,0.5312953591346741,0.07949090749025345,0.669797420501709,0.6017695665359497,-0.01756669580936432,0.6665379405021667,0.5430712103843689,0.011173419654369354,0.6173797845840454,0.5576714277267456,0.04271838814020157,0.5878584980964661,0.589259684085846,0.05292820557951927,0.6913597583770752,0.649631917476654,0.003134984988719225,0.6798022985458374,0.6013751029968262,0.03309103474020958,0.6347607970237732,0.6102164387702942,0.06152300536632538,0.6080774664878845,0.636738121509552,0.07560962438583374,ALLERGY
0.36681002378463745,0.6257762312889099,3.2971978924933865e-08,0.31081318855285645,0.500238835811615,-0.017588304355740547,0.38116443157196045,0.4006458520889282,-0.05242404341697693,0.4631417393684387,0.3125176429748535,-0.07818809896707535,0.4894012212753296,0.22426235675811768,-0.11163924634456635,0.5695996284484863,0.41144248843193054,-0.08882972598075867,0.7243934273719788,0.33119237422943115,-0.0921492949128151,0.810812771320343,0.27742430567741394,-0.09068465232849121,0.8776897192001343,0.2398070991039276,-0.08840641379356384,0.6359758973121643,0.47579506039619446,-0.06039787828922272,0.6471297740936279,0.40673187375068665,-0.015210590325295925,0.5633680820465088,0.4165033996105194,0.04683351889252663,0.5274680256843567,0.4490659534931183,0.07936831563711166,0.6483526229858398,0.5387714505195618,-0.027781737968325615,0.6548857092857361,0.46647119522094727,0.011117841117084026,0.5860047936439514,0.47587257623672485,0.0460844412446022,0.5478415489196777,0.5125410556793213,0.05491656810045242,0.6610440611839294,0.5892054438591003,0.007848546840250492,0.6581745743751526,0.5308939218521118,0.048090860247612,0.6016896367073059,0.5334044694900513,0.08010534197092056,0.5696935653686523,0.5629792213439941,0.0940960943698883,ALLERGY
0.4155993163585663,0.6827147603034973,2.428280687638562e-08,0.3618897795677185,0.5829048752784729,-0.03235786035656929,0.4073975682258606,0.5020828247070312,-0.07905527204275131,0.4628659784793854,0.4262661337852478,-0.11167144030332565,0.4689461886882782,0.3513948917388916,-0.1508076936006546,0.5675799250602722,0.5002344846725464,-0.13652101159095764,0.7080125212669373,0.4148048460483551,-0.16865672171115875,0.7863032817840576,0.3566015064716339,-0.18531547486782074,0.8472821116447449,0.3181060552597046,-0.19154100120067596,0.6354578137397766,0.5525409579277039,-0.10118307173252106,0.651423990726471,0.48203930258750916,-0.07156408578157425,0.5768669247627258,0.4957049489021301,-0.008029229938983917,0.5481746196746826,0.5254689455032349,0.027183296158909798,0.6606956124305725,0.603718101978302,-0.06324135512113571,0.6638473272323608,0.5322073698043823,-0.03426739573478699,0.6037946939468384,0.5453467965126038,0.0052298917435109615,0.5727117657661438,0.5799576044082642,0.019080547615885735,0.6828072667121887,0.6429275274276733,-0.02384120784699917,0.676078736782074,0.5880447030067444,0.00701870396733284,0.6255782246589661,0.593458354473114,0.03765428066253662,0.5946612358093262,0.6204632520675659,0.05221138149499893,ALLERGY
0.3586532473564148,0.8061584234237671,-2.699138974548987e-07,0.301596462726593,0.6939288377761841,-0.014094187878072262,0.34002217650413513,0.5918014049530029,-0.0522814579308033,0.3793288469314575,0.4876558184623718,-0.08664333075284958,0.3544081747531891,0.41760438680648804,-0.12632641196250916,0.5200424790382385,0.5843400955200195,-0.10498043894767761,0.6761178970336914,0.47084295749664307,-0.1522325873374939,0.7713705897331238,0.405195415019989,-0.1769682914018631,0.8464467525482178,0.3594847619533539,-0.18858297169208527,0.6052486896514893,0.6358473300933838,-0.09445364028215408,0.641683042049408,0.5559324622154236,-0.10431906580924988,0.581886351108551,0.5719137191772461,-0.06486348062753677,0.5470598936080933,0.6039915084838867,-0.03888766095042229,0.6478913426399231,0.6950271725654602,-0.08024895936250687,0.6641263961791992,0.6136197447776794,-0.09436679631471634,0.6158453822135925,0.6302899718284607,-0.055940333753824234,0.5799170136451721,0.6669925451278687,-0.02954915165901184,0.6759780645370483,0.7468441128730774,-0.0632222592830658,0.6883368492126465,0.6772259473800659,-0.061349160969257355,0.6403911113739014,0.689072847366333,-0.02309410646557808,0.6042798757553101,0.7209736108779907,0.006754270754754543,ALLERGY
0.5126005411148071,0.4591673016548157,-1.7268254168811836e-06,0.5486199855804443,0.3493349552154541,0.10858960449695587,0.5807906985282898,0.26565900444984436,0.13146363198757172,0.5864641070365906,0.20792974531650543,0.12607623636722565,0.5742442607879639,0.16684292256832123,0.1202549934387207,0.6953704357147217,0.2030905932188034,0.08449725806713104,0.5385228991508484,0.12438543140888214,0.06564606726169586,0.5001150369644165,0.18067270517349243,0.048132721334695816,0.5269578099250793,0.21541132032871246,0.03354968503117561,0.6823394298553467,0.20793092250823975,0.009129837155342102,0.49233317375183105,0.1187230572104454,-0.004256324376910925,0.467307448387146,0.1849173903465271,-0.002480054972693324,0.5042941570281982,0.2244940549135208,-0.006650322116911411,0.6421065926551819,0.21943840384483337,-0.06128409877419472,0.4571034610271454,0.13464000821113586,-0.06029137596487999,0.43491247296333313,0.20474354922771454,-0.033808633685112,0.47632700204849243,0.24157282710075378,-0.027544869109988213,0.5895614624023438,0.23400798439979553,-0.1262284815311432,0.4407697319984436,0.17856234312057495,-0.13095034658908844,0.42627671360969543,0.2289194017648697,-0.11677786707878113,0.46523624658584595,0.25973233580589294,-0.10982245206832886,COLD
0.4660930931568146,0.6709314584732056,-1.3656439250553376e-06,0.4213016629219055,0.5414568781852722,0.03261362388730049,0.4495190382003784,0.45311516523361206,0.01695718802511692,0.4754527509212494,0.3910762667655945,-0.010471201501786709,0.48903900384902954,0.35240036249160767,-0.0330280102789402,0.6367083787918091,0.38071155548095703,-0.0027668967377394438,0.46416404843330383,0.29885873198509216,-0.04982256144285202,0.42729341983795166,0.3554733395576477,-0.0804486870765686,0.46135756373405457,0.38572362065315247,-0.10333474725484848,0.6363410949707031,0.399737685918808,-0.04807545617222786,0.4234677255153656,0.3039780259132385,-0.09358029812574387,0.3980380892753601,0.3671920895576477,-0.09627871215343475,0.4437561333179474,0.4013440012931824,-0.10095620155334473,0.5998156666755676,0.4288255572319031,-0.09394078701734543,0.3920437693595886,0.337400883436203,-0.12429105490446091,0.37390029430389404,0.4008357524871826,-0.09442885220050812,0.4243957996368408,0.43546003103256226,-0.08060836046934128,0.543849766254425,0.4617387354373932,-0.1405637413263321,0.36857956647872925,0.4048648774623871,-0.1701592653989792,0.3506421148777008,0.44856542348861694,-0.16100440919399261,0.39380139112472534,0.4756113290786743,-0.1538989245891571,COLD
0.3245847225189209,0.5822572708129883,-1.4455978316618712e-06,0.3573567867279053,0.4746134281158447,0.0688248872756958,0.3632762134075165,0.3844270706176758,0.07007194310426712,0.31992918252944946,0.31320276856422424,0.05245956778526306,0.25946635007858276,0.2805410623550415,0.035908740013837814,0.47976309061050415,0.31484735012054443,0.03392194211483002,0.3164452910423279,0.22674429416656494,-0.00026458126376383007,0.27843278646469116,0.2766615152359009,-0.022896181792020798,0.306022971868515,0.31203171610832214,-0.03790220618247986,0.4516207277774811,0.3193919062614441,-0.022595174610614777,0.2568064332008362,0.22346052527427673,-0.04876408725976944,0.23392923176288605,0.28179067373275757,-0.045302391052246094,0.2724854350090027,0.3188750743865967,-0.04570117965340614,0.39707767963409424,0.33511388301849365,-0.07656826078891754,0.20536500215530396,0.2533174753189087,-0.08866282552480698,0.19424869120121002,0.3163270950317383,-0.059935312718153,0.24222533404827118,0.3490046560764313,-0.04833776876330376,0.3300587236881256,0.3578230142593384,-0.12774141132831573,0.17952702939510345,0.307854562997818,-0.13874408602714539,0.16568799316883087,0.355724960565567,-0.1228644847869873,0.2026732712984085,0.38350048661231995,-0.11322697252035141,COLD
0.5780594348907471,0.5942808985710144,-1.6514383105459274e-06,0.5526794791221619,0.45606547594070435,0.07674992084503174,0.5864697098731995,0.36793479323387146,0.0789887011051178,0.6151623129844666,0.30712994933128357,0.05731550604104996,0.6424369812011719,0.26681315898895264,0.03977653384208679,0.7777137756347656,0.3067816495895386,0.05770469084382057,0.6084916591644287,0.22816815972328186,0.016586625948548317,0.5676543116569519,0.2924964427947998,-0.01300795841962099,0.5989394783973694,0.3283382058143616,-0.03542342036962509,0.7788174152374268,0.32344141602516174,-0.01309390738606453,0.5691569447517395,0.22671611607074738,-0.053980231285095215,0.5383788347244263,0.29993736743927,-0.05816434696316719,0.5827708840370178,0.3384418189525604,-0.06282570213079453,0.7450003027915955,0.3469138741493225,-0.08372706919908524,0.5429726839065552,0.2507830858230591,-0.1084693968296051,0.5169271230697632,0.3256784975528717,-0.07715906202793121,0.564119815826416,0.362969309091568,-0.0636778175830841,0.6942217350006104,0.3728328049182892,-0.15252678096294403,0.52577805519104,0.315173476934433,-0.17701058089733124,0.5070887804031372,0.3648413121700287,-0.16603684425354004,0.5525826215744019,0.3925747275352478,-0.15826477110385895,COLD
0.46940815448760986,0.5240368843078613,-1.7971332226807135e-06,0.47427618503570557,0.39891502261161804,0.12447365373373032,0.5021758079528809,0.310624361038208,0.14615443348884583,0.5043741464614868,0.24847587943077087,0.13324445486068726,0.5062253475189209,0.19839298725128174,0.12056228518486023,0.6598343849182129,0.2581247091293335,0.10973898321390152,0.49944067001342773,0.17274251580238342,0.08224385976791382,0.45755478739738464,0.2364511787891388,0.05993093177676201,0.48603564500808716,0.27124762535095215,0.044704336673021317,0.6487618684768677,0.267625093460083,0.020710472017526627,0.45202040672302246,0.17580774426460266,-0.0020672245882451534,0.4258420467376709,0.24943742156028748,-0.0036956595722585917,0.46991002559661865,0.2866780459880829,-0.006846701260656118,0.6080994009971619,0.2809177041053772,-0.06459999829530716,0.4242480993270874,0.19312867522239685,-0.07170943170785904,0.3964289426803589,0.2694029211997986,-0.04496585577726364,0.44240808486938477,0.3044022023677826,-0.035961300134658813,0.5570902824401855,0.2936795949935913,-0.14316241443157196,0.4097633957862854,0.23239292204380035,-0.1460714191198349,0.38780826330184937,0.2874391973018646,-0.12645158171653748,0.4284517168998718,0.31943821907043457,-0.11455899477005005,COLD
0.4710763692855835,0.46963390707969666,-1.4941588233341463e-06,0.6074000597000122,0.4543987214565277,0.16970014572143555,0.724413275718689,0.4550628960132599,0.22494514286518097,0.7958642244338989,0.48513901233673096,0.23940789699554443,0.8507441282272339,0.5190330743789673,0.25111839175224304,0.8362102508544922,0.37848812341690063,0.1680908054113388,0.9281773567199707,0.5057376623153687,0.18519549071788788,0.8543195128440857,0.5295976996421814,0.18814805150032043,0.7923116087913513,0.5132730007171631,0.18527688086032867,0.8342700004577637,0.38721251487731934,0.07038020342588425,0.9391283392906189,0.5268113017082214,0.09159611910581589,0.8452026844024658,0.5453795194625854,0.105124332010746,0.7778149843215942,0.5190607309341431,0.10900085419416428,0.8186825513839722,0.41285812854766846,-0.018588455393910408,0.9096290469169617,0.5455509424209595,0.010313037782907486,0.8116519451141357,0.5612219572067261,0.03690966218709946,0.7567594051361084,0.5314594507217407,0.04374668002128601,0.7956629991531372,0.44883307814598083,-0.0965006947517395,0.8617417216300964,0.5537865161895752,-0.0629686564207077,0.7878097295761108,0.562374472618103,-0.032575130462646484,0.7387269139289856,0.5363856554031372,-0.01980181597173214,COUGH
0.4305446743965149,0.6120911836624146,-7.058738447085489e-07,0.5639225840568542,0.5612205266952515,0.07568629831075668,0.6893003582954407,0.5622629523277283,0.08340325206518173,0.7616986036300659,0.6035541296005249,0.06783051788806915,0.7983349561691284,0.6528498530387878,0.05456758663058281,0.7957531809806824,0.5153555870056152,0.055872201919555664,0.8944638967514038,0.6405590772628784,0.04555904492735863,0.8415169715881348,0.670291006565094,0.0439886637032032,0.7896481156349182,0.6600396037101746,0.04367666319012642,0.7926903963088989,0.5430283546447754,-0.001507434993982315,0.8909978270530701,0.6839557886123657,-0.0010044289520010352,0.8218746185302734,0.7040563821792603,0.014549597166478634,0.7696165442466736,0.6813691854476929,0.022785210981965065,0.7718982100486755,0.5836679339408875,-0.05597726255655289,0.8573674559593201,0.7225940823554993,-0.04523066058754921,0.7851663827896118,0.7334244847297668,-0.015485456213355064,0.7395002245903015,0.7056910395622253,-0.0018745302222669125,0.7376074194908142,0.6324866414070129,-0.10730061680078506,0.8040692210197449,0.741939127445221,-0.08130898326635361,0.7459699511528015,0.7457297444343567,-0.047579046338796616,0.7054336071014404,0.7186050415039062,-0.029294190928339958,COUGH
0.49116504192352295,0.4003167152404785,-1.38931193305325e-06,0.6347808837890625,0.4283669888973236,0.1385629028081894,0.7394044995307922,0.4300549030303955,0.17817969620227814,0.8132482767105103,0.4480227828025818,0.18315374851226807,0.8637236952781677,0.46689820289611816,0.18803521990776062,0.8498538136482239,0.32927432656288147,0.126409649848938,0.9258174300193787,0.46110981702804565,0.12443429231643677,0.8465710878372192,0.476959764957428,0.11695552617311478,0.7846233248710632,0.45336610078811646,0.10769136995077133,0.8437801003456116,0.3325488269329071,0.0390067920088768,0.9286342263221741,0.4774952828884125,0.04183787479996681,0.8401187658309937,0.4878844618797302,0.05333724245429039,0.7786259651184082,0.45752209424972534,0.05677877739071846,0.8220776915550232,0.35210347175598145,-0.042456284165382385,0.8935283422470093,0.4891480803489685,-0.028128698468208313,0.8012165427207947,0.494472473859787,0.0010763461468741298,0.7538050413131714,0.46000421047210693,0.010855118744075298,0.7928562164306641,0.3824232518672943,-0.11576507985591888,0.8411336541175842,0.4888670742511749,-0.0917670801281929,0.771843671798706,0.49140337109565735,-0.0627925768494606,0.7336702346801758,0.46184229850769043,-0.050609320402145386,COUGH
0.3483054041862488,0.5659775137901306,-8.763202572481532e-07,0.49743175506591797,0.5453517436981201,0.09457897394895554,0.6252424716949463,0.5510087609291077,0.10409318655729294,0.7002496719360352,0.5948267579078674,0.08575565367937088,0.7367509007453918,0.6426556706428528,0.06781258434057236,0.7273224592208862,0.48994672298431396,0.057051412761211395,0.8338891863822937,0.6261096000671387,0.04157383367419243,0.7755411863327026,0.6625553965568542,0.03710266202688217,0.7193253636360168,0.654558002948761,0.034713245928287506,0.720506489276886,0.5054287314414978,-0.012150352820754051,0.8180651664733887,0.6643984317779541,-0.014187589287757874,0.742051362991333,0.6842176914215088,0.003509772475808859,0.6876010894775391,0.6558429598808289,0.01170423161238432,0.691260814666748,0.5375629663467407,-0.0768447145819664,0.7760122418403625,0.6920560598373413,-0.06521658599376678,0.6979805827140808,0.7021305561065674,-0.03341178596019745,0.6519453525543213,0.6697211265563965,-0.020527128130197525,0.6489194631576538,0.5807878971099854,-0.1369139552116394,0.7096331715583801,0.6986385583877563,-0.11025094240903854,0.6496235728263855,0.7026916146278381,-0.07706508040428162,0.6084156036376953,0.6747814416885376,-0.06067216396331787,COUGH
0.476931631565094,0.501410186290741,-1.324106051470153e-06,0.6110398173332214,0.4610188901424408,0.13972486555576324,0.7409294843673706,0.4603508412837982,0.18276678025722504,0.8146324753761292,0.4981173276901245,0.1890086978673935,0.8666805624961853,0.5450319051742554,0.19450019299983978,0.8549964427947998,0.39918380975723267,0.15289129316806793,0.9468264579772949,0.5402821898460388,0.16143102943897247,0.8696093559265137,0.5652676224708557,0.1602601706981659,0.8037715554237366,0.5458511114120483,0.15728503465652466,0.8628788590431213,0.4151475429534912,0.06841722875833511,0.9589533805847168,0.5686393976211548,0.0858924612402916,0.8651608824729919,0.5848360061645508,0.09920943528413773,0.7955787777900696,0.5555946826934814,0.10544846206903458,0.8509225249290466,0.4467272460460663,-0.011238988488912582,0.9360530972480774,0.5918867588043213,0.013834834098815918,0.8349494338035583,0.60699462890625,0.04108836129307747,0.7769540548324585,0.576836109161377,0.05086977407336235,0.8261401653289795,0.4889273941516876,-0.08311748504638672,0.8886090517044067,0.6053659915924072,-0.051402460783720016,0.8111658692359924,0.6120647192001343,-0.02008059248328209,0.7591455578804016,0.5825222134590149,-0.0049051400274038315,COUGH
0.6169307231903076,0.6463460922241211,4.799221642315388e-07,0.7168451547622681,0.5616602897644043,0.116684190928936,0.7334868907928467,0.4882873296737671,0.20964749157428741,0.7091432809829712,0.43780064582824707,0.292868971824646,0.6711858510971069,0.41894325613975525,0.3830339014530182,0.545619010925293,0.3893938958644867,0.176229327917099,0.5128004550933838,0.2825421094894409,0.23286114633083344,0.49520403146743774,0.22895345091819763,0.2766743302345276,0.4905712604522705,0.19965194165706635,0.31529879570007324,0.4529823958873749,0.41779229044914246,0.16194535791873932,0.3502312898635864,0.31304699182510376,0.2044106274843216,0.2979961633682251,0.2668667435646057,0.24483685195446014,0.27043700218200684,0.25039345026016235,0.2893734276294708,0.3812607228755951,0.4674401879310608,0.15357838571071625,0.27601248025894165,0.36908578872680664,0.18668857216835022,0.24807462096214294,0.34359776973724365,0.22796355187892914,0.25140124559402466,0.33010539412498474,0.27560296654701233,0.33190807700157166,0.5378790497779846,0.1566723734140396,0.24320046603679657,0.47478237748146057,0.20330201089382172,0.2358374148607254,0.46508464217185974,0.24732856452465057,0.2601339817047119,0.46250230073928833,0.29330119490623474,DIZZY
0.7540152072906494,0.9404023885726929,5.559253963838273e-07,0.8425883650779724,0.817106306552887,0.1560121476650238,0.8477775454521179,0.7279684543609619,0.2346918284893036,0.8248152136802673,0.6447712779045105,0.3027980625629425,0.7637537121772766,0.5917902588844299,0.3791044354438782,0.706260621547699,0.6343730092048645,0.09990724921226501,0.6870850920677185,0.49044185876846313,0.1486431360244751,0.658527672290802,0.42635872960090637,0.21836139261722565,0.6404007077217102,0.39372625946998596,0.2839972674846649,0.6099189519882202,0.6664441227912903,0.07219292223453522,0.5000234246253967,0.5295535326004028,0.11234290897846222,0.4528049826622009,0.476085364818573,0.20428423583507538,0.43633967638015747,0.45256948471069336,0.29234451055526733,0.5324756503105164,0.7157087922096252,0.06218923628330231,0.4129575490951538,0.5954518914222717,0.11083067953586578,0.3984864354133606,0.5507491827011108,0.2178090512752533,0.4207078814506531,0.5282360315322876,0.31249797344207764,0.47283875942230225,0.7743386626243591,0.06801862269639969,0.3570899963378906,0.6874909996986389,0.13040059804916382,0.3417982757091522,0.6442259550094604,0.21284490823745728,0.36177700757980347,0.6123151183128357,0.2932611107826233,DIZZY
0.5056173801422119,0.8218495845794678,5.478647153722704e-07,0.6513350009918213,0.6916741132736206,0.16201412677764893,0.6826836466789246,0.6082879900932312,0.2706182599067688,0.6880684494972229,0.538987398147583,0.37847673892974854,0.6618727445602417,0.49288856983184814,0.5106664299964905,0.48104703426361084,0.4669223427772522,0.13245931267738342,0.47634240984916687,0.3377734422683716,0.21027031540870667,0.4654603898525238,0.27297404408454895,0.31346315145492554,0.48072290420532227,0.2688677906990051,0.4089648127555847,0.3716471195220947,0.5044031143188477,0.14389179646968842,0.25231310725212097,0.36594802141189575,0.20283715426921844,0.23404760658740997,0.313932865858078,0.3257424533367157,0.263715922832489,0.3085438013076782,0.4413396120071411,0.29258400201797485,0.561548113822937,0.17576384544372559,0.18966169655323029,0.4434441328048706,0.2620038092136383,0.1937447488307953,0.4142051339149475,0.41570937633514404,0.2231825888156891,0.40814274549484253,0.5449496507644653,0.24801237881183624,0.6194045543670654,0.22297513484954834,0.16728469729423523,0.5463194251060486,0.324878066778183,0.1836211085319519,0.5208734273910522,0.4351010024547577,0.20808081328868866,0.5145193338394165,0.5366660356521606,DIZZY
0.7060717940330505,0.8027594089508057,2.8384135930537013e-07,0.8068933486938477,0.6657063961029053,0.27846667170524597,0.8042076826095581,0.5787333250045776,0.4293714463710785,0.7653174996376038,0.5061596035957336,0.5576468706130981,0.7161833047866821,0.46328628063201904,0.7012632489204407,0.677716076374054,0.44741499423980713,0.2108333706855774,0.6921259164810181,0.2951398491859436,0.3101978898048401,0.6625402569770813,0.22840887308120728,0.43816280364990234,0.6521732807159424,0.2218773365020752,0.5497236251831055,0.5631785988807678,0.4748477041721344,0.16786108911037445,0.46900272369384766,0.32221537828445435,0.2314186841249466,0.4098929762840271,0.2668665051460266,0.36113300919532776,0.3915136456489563,0.25514742732048035,0.4823882281780243,0.4631795883178711,0.5287795662879944,0.15645843744277954,0.3578747510910034,0.38531196117401123,0.2415878027677536,0.3462831676006317,0.3522527515888214,0.40306761860847473,0.3664502203464508,0.3466147184371948,0.5374653339385986,0.3762747645378113,0.5943149924278259,0.17347607016563416,0.2696893811225891,0.5084315538406372,0.2651464343070984,0.26749178767204285,0.484022855758667,0.37831276655197144,0.2868380844593048,0.4694730043411255,0.48469820618629456,DIZZY
0.4771777391433716,0.8234603404998779,3.438258318055887e-07,0.6179707646369934,0.7155052423477173,0.15216898918151855,0.6539382934570312,0.6412355303764343,0.25630950927734375,0.6617563962936401,0.5756935477256775,0.3576430678367615,0.6261721253395081,0.5373243093490601,0.4796607494354248,0.4851503074169159,0.4974358379840851,0.1339665949344635,0.4897003769874573,0.36602604389190674,0.1923593133687973,0.4818500280380249,0.30408069491386414,0.27623969316482544,0.49245861172676086,0.3004024624824524,0.3594231903553009,0.37684449553489685,0.5259021520614624,0.1361495703458786,0.28090566396713257,0.38108524680137634,0.18512992560863495,0.26781216263771057,0.3311226963996887,0.2958790361881256,0.29137733578681946,0.331142395734787,0.40428590774536133,0.2951546311378479,0.575212836265564,0.15322905778884888,0.1978757232427597,0.44544655084609985,0.2154497504234314,0.20691171288490295,0.4221016764640808,0.34305837750434875,0.2424783706665039,0.42249858379364014,0.45861148834228516,0.24393390119075775,0.6300678849220276,0.18538998067378998,0.16026060283184052,0.5503265261650085,0.2602604329586029,0.1739770770072937,0.5279436707496643,0.349018394947052,0.20527656376361847,0.5268784761428833,0.43825963139533997,DIZZY
0.5843154788017273,0.5645254850387573,8.713084866940335e-07,0.48214882612228394,0.5213130116462708,-0.10518999397754669,0.424459844827652,0.4348117411136627,-0.08711811155080795,0.49050986766815186,0.36439013481140137,-0.04356186091899872,0.5635203123092651,0.34922003746032715,0.009426082484424114,0.3367597460746765,0.3876480758190155,0.020532194525003433,0.2616790235042572,0.310242623090744,0.04408242180943489,0.20838776230812073,0.26260054111480713,0.05081784352660179,0.16725972294807434,0.22555431723594666,0.053751636296510696,0.3908950090408325,0.3683966398239136,0.07097693532705307,0.31168457865715027,0.2917729616165161,0.11348537355661392,0.24753864109516144,0.244678795337677,0.11746912449598312,0.20039181411266327,0.20694558322429657,0.11837746948003769,0.45126503705978394,0.36764296889305115,0.1024675965309143,0.39231956005096436,0.297782301902771,0.11234958469867706,0.3318885862827301,0.2643623948097229,0.07219741493463516,0.2769254744052887,0.22725048661231995,0.04375375807285309,0.5223045945167542,0.3742485046386719,0.12271840870380402,0.49261611700057983,0.3390101492404938,0.10799362510442734,0.4969521164894104,0.3532252311706543,0.08469722419977188,0.5085431337356567,0.3700922131538391,0.06997933983802795,FEVER
0.6002481579780579,0.5191553831100464,8.178444090845005e-07,0.515737771987915,0.4686231315135956,-0.11268524825572968,0.4726372957229614,0.39262959361076355,-0.1052040159702301,0.5218589901924133,0.3327779173851013,-0.07003337144851685,0.579796314239502,0.32247844338417053,-0.02302156575024128,0.38304516673088074,0.3492741286754608,0.008707071654498577,0.3190290331840515,0.27657508850097656,0.03290501609444618,0.2715053856372833,0.2354222536087036,0.04022088274359703,0.23493044078350067,0.20409120619297028,0.04397277534008026,0.4281385540962219,0.33627575635910034,0.07029406726360321,0.3566153943538666,0.26233091950416565,0.11599671095609665,0.3046194314956665,0.22101089358329773,0.1289881318807602,0.26402032375335693,0.18904812633991241,0.13614651560783386,0.4775041341781616,0.3355213701725006,0.1130124032497406,0.42054516077041626,0.2771613895893097,0.13822486996650696,0.37096357345581055,0.24533283710479736,0.11862457543611526,0.32484182715415955,0.21103236079216003,0.10338591039180756,0.5377504825592041,0.3395177125930786,0.1424858421087265,0.5027334094047546,0.2972080111503601,0.15339966118335724,0.4889037013053894,0.2899988889694214,0.1445949673652649,0.47949153184890747,0.2892616093158722,0.13724632561206818,FEVER
0.6999396085739136,0.5759000778198242,7.090455937941442e-07,0.620067834854126,0.5221475958824158,-0.13294918835163116,0.5766870379447937,0.4371787905693054,-0.12385708093643188,0.6110747456550598,0.3737795650959015,-0.07658036798238754,0.6496837139129639,0.35644158720970154,-0.017079733312129974,0.4569379389286041,0.3911760151386261,-0.032563358545303345,0.3738604784011841,0.30780577659606934,-0.017248256132006645,0.31274306774139404,0.25484856963157654,-0.014948478899896145,0.2668002247810364,0.21251726150512695,-0.01601722650229931,0.5025786757469177,0.3745233118534088,0.043959565460681915,0.406291663646698,0.28955695033073425,0.07722041755914688,0.34214407205581665,0.2378881722688675,0.07923876494169235,0.2910555601119995,0.20137470960617065,0.0766562893986702,0.5572823286056519,0.3739575147628784,0.10268140584230423,0.4839162826538086,0.3005496561527252,0.11094620823860168,0.4230688810348511,0.26180872321128845,0.06549288332462311,0.36634302139282227,0.2213864028453827,0.03054279461503029,0.6215721368789673,0.3817526400089264,0.14919669926166534,0.5956738591194153,0.3398555815219879,0.13260354101657867,0.5870746374130249,0.34496715664863586,0.09529504179954529,0.580207109451294,0.35302627086639404,0.0675191730260849,FEVER
0.5808440446853638,0.4890715479850769,1.0255173492623726e-06,0.4812685251235962,0.42691561579704285,-0.11875949800014496,0.43248453736305237,0.33977335691452026,-0.08883310854434967,0.4903661012649536,0.2778915762901306,-0.02645275369286537,0.5567076206207275,0.27323514223098755,0.048386458307504654,0.3239275813102722,0.3134123384952545,0.03251102566719055,0.25312626361846924,0.23324313759803772,0.07197843492031097,0.19639195501804352,0.1833678036928177,0.09401850402355194,0.15911562740802765,0.1479819267988205,0.10999567806720734,0.37697046995162964,0.2995966076850891,0.10333875566720963,0.2980075180530548,0.21694248914718628,0.1745658814907074,0.23450034856796265,0.17113268375396729,0.20286695659160614,0.19178873300552368,0.13919876515865326,0.2228449434041977,0.4442538917064667,0.2982884347438812,0.15152423083782196,0.3807382881641388,0.22486993670463562,0.1851065456867218,0.31164202094078064,0.19064709544181824,0.15112251043319702,0.2471589893102646,0.15232698619365692,0.12656094133853912,0.5200233459472656,0.3043607771396637,0.18649017810821533,0.5098133087158203,0.2646520435810089,0.17863261699676514,0.5151604413986206,0.2842240333557129,0.14856143295764923,0.5239959955215454,0.3081096112728119,0.13096971809864044,FEVER
0.6123159527778625,0.6456140875816345,8.505862183483259e-07,0.5253818035125732,0.6179878115653992,-0.08559835702180862,0.47102686762809753,0.5336318612098694,-0.09221603721380234,0.5136456489562988,0.46473589539527893,-0.08242899179458618,0.5850297808647156,0.44454315304756165,-0.06684382259845734,0.3841383457183838,0.4762476682662964,-0.01465818751603365,0.3104563057422638,0.39149078726768494,-0.011891731061041355,0.26247721910476685,0.34175753593444824,-0.020804131403565407,0.22290350496768951,0.2996952533721924,-0.03075876459479332,0.43241849541664124,0.4545031189918518,0.019499145448207855,0.35180944204330444,0.3739752769470215,0.028337225317955017,0.2954021692276001,0.3191800117492676,0.014832672663033009,0.24973981082439423,0.27528250217437744,0.003569758730009198,0.484082967042923,0.44948041439056396,0.04208749160170555,0.41589686274528503,0.3802126944065094,0.04296417161822319,0.3631010055541992,0.3329578936100006,0.015693247318267822,0.3157569169998169,0.2916955351829529,-0.0046013761311769485,0.5430989861488342,0.44938012957572937,0.05512145161628723,0.4925548732280731,0.3910180926322937,0.05107998102903366,0.45490598678588867,0.3594774603843689,0.038053303956985474,0.42051756381988525,0.33401837944984436,0.0276129599660635,FEVER
0.28284764289855957,0.5630223155021667,-2.9116031896592176e-07,0.4019954800605774,0.6133210062980652,0.011570597067475319,0.5381103157997131,0.5970593690872192,0.030432188883423805,0.6250952482223511,0.5688817501068115,0.03528093174099922,0.6990628242492676,0.5589465498924255,0.04028774052858353,0.5995005369186401,0.5319352149963379,0.06694141775369644,0.7129789590835571,0.5264425873756409,0.04233593866229057,0.7848677635192871,0.5331262350082397,0.029342707246541977,0.8500151038169861,0.5345166921615601,0.021074233576655388,0.5855916142463684,0.4955834746360779,0.035931553691625595,0.6963862180709839,0.514132022857666,-0.017266344279050827,0.5987548232078552,0.5464054346084595,-0.0276138074696064,0.536107063293457,0.5395621061325073,-0.014868342317640781,0.5591460466384888,0.45633989572525024,-0.002390798879787326,0.658531129360199,0.48283761739730835,-0.0702420175075531,0.5524395108222961,0.516943097114563,-0.05769743397831917,0.49435359239578247,0.5012325644493103,-0.026712533086538315,0.5115458369255066,0.4146920442581177,-0.03939906135201454,0.6068192720413208,0.4414115846157074,-0.08275068551301956,0.5433611869812012,0.4769999086856842,-0.06280782073736191,0.4883858561515808,0.465108186006546,-0.03603821247816086,HURT
0.3233914077281952,0.5787188410758972,-1.915118446049746e-07,0.415114164352417,0.6386029124259949,-0.008609085343778133,0.5583204030990601,0.6233198046684265,0.010157809592783451,0.6491996049880981,0.591852068901062,0.022816341370344162,0.7152678966522217,0.5936866998672485,0.036440879106521606,0.6062024831771851,0.5654745697975159,0.04084938019514084,0.7144308686256409,0.5610139966011047,0.021368883550167084,0.7837425470352173,0.5662204027175903,0.014064530842006207,0.8454846143722534,0.5688118934631348,0.00909383688122034,0.5942368507385254,0.5265205502510071,0.025676164776086807,0.7094536423683167,0.5292479395866394,-0.023493196815252304,0.6269118189811707,0.5593812465667725,-0.030301403254270554,0.563694179058075,0.564428448677063,-0.01467185840010643,0.5700578093528748,0.4852856397628784,0.0033795388881117105,0.6711352467536926,0.4950110912322998,-0.062324099242687225,0.5720021724700928,0.5287514328956604,-0.0527397058904171,0.5098722577095032,0.5252804160118103,-0.022940311580896378,0.5274984836578369,0.44264015555381775,-0.018809253349900246,0.6182138323783875,0.4586513638496399,-0.06600914895534515,0.5569258332252502,0.4916456341743469,-0.05453015863895416,0.5006993412971497,0.4884357750415802,-0.03319947049021721,HURT
0.36360812187194824,0.5076249241828918,-7.954895409056917e-08,0.45564979314804077,0.5663723945617676,0.010382828302681446,0.5856812596321106,0.556978166103363,0.03302108123898506,0.6661117076873779,0.5329388976097107,0.04350465163588524,0.724915623664856,0.5377287268638611,0.05281742662191391,0.6286777257919312,0.5043434500694275,0.06866525858640671,0.7256985306739807,0.5023030042648315,0.05567796528339386,0.7900636792182922,0.5091388821601868,0.048083290457725525,0.8470109105110168,0.5127930045127869,0.04179421439766884,0.6197211146354675,0.4657248258590698,0.045132894068956375,0.7264453172683716,0.4746978282928467,-0.0021732538007199764,0.6490193009376526,0.5019977688789368,-0.015256577171385288,0.5847383737564087,0.5037975907325745,-0.004225276876240969,0.5982544422149658,0.4256375730037689,0.016098691150546074,0.6979221701622009,0.439085990190506,-0.04522358998656273,0.6044014692306519,0.47044649720191956,-0.037899184972047806,0.5391829609870911,0.46445563435554504,-0.010176182724535465,0.5610446929931641,0.3817008435726166,-0.011329521425068378,0.6507007479667664,0.40011993050575256,-0.055556315928697586,0.5920280814170837,0.43150022625923157,-0.04381094127893448,0.5360740423202515,0.4276505708694458,-0.022206151857972145,HURT
0.29210489988327026,0.5512336492538452,-9.017401225719368e-08,0.40047380328178406,0.6264368295669556,-0.015314221382141113,0.5777544975280762,0.6159058809280396,0.003663846291601658,0.6914826035499573,0.578673243522644,0.015975719317793846,0.7731683850288391,0.5872032642364502,0.029432835057377815,0.6443893313407898,0.5510291457176208,0.0461060032248497,0.7787488102912903,0.5461227893829346,0.022844480350613594,0.865908145904541,0.5515553951263428,0.011301944963634014,0.9440755844116211,0.5531011819839478,0.002587480004876852,0.6294214725494385,0.499722421169281,0.03143836930394173,0.7657331228256226,0.5073621273040771,-0.030288169160485268,0.6636757254600525,0.5382903814315796,-0.04327668994665146,0.5825517773628235,0.5409528017044067,-0.027399593964219093,0.596662700176239,0.44856876134872437,0.00916906725615263,0.7128944396972656,0.45788320899009705,-0.06809475272893906,0.5980199575424194,0.4970596730709076,-0.05429229885339737,0.5209036469459534,0.49729713797569275,-0.016829248517751694,0.5434080362319946,0.3943512439727783,-0.013528963550925255,0.6519879698753357,0.41035813093185425,-0.06884744763374329,0.5788285732269287,0.4504914879798889,-0.05179676413536072,0.5104103088378906,0.4523322582244873,-0.02259213477373123,HURT
0.26996910572052,0.5284366011619568,-2.1355690194013732e-07,0.3865566849708557,0.5926796197891235,0.0011939799878746271,0.5432840585708618,0.5876868367195129,0.021201608702540398,0.6456104516983032,0.5631974935531616,0.03031044453382492,0.7274066209793091,0.5638120174407959,0.040165744721889496,0.6089918613433838,0.5251427292823792,0.06158113107085228,0.7314215898513794,0.5279346704483032,0.039111532270908356,0.8094319105148315,0.5368987321853638,0.026300786063075066,0.8830131888389587,0.5406726002693176,0.01689007319509983,0.5997371077537537,0.4813033938407898,0.03682403638958931,0.7224822044372559,0.4980769753456116,-0.019106460735201836,0.6190485954284668,0.5245628952980042,-0.03162429481744766,0.5468491315841675,0.5203199982643127,-0.018476730212569237,0.5743762850761414,0.4346473217010498,0.00473434804007411,0.6810587048530579,0.4539634883403778,-0.0660836398601532,0.5665519833564758,0.48716866970062256,-0.052557289600372314,0.5006709694862366,0.47815579175949097,-0.018630772829055786,0.5276281833648682,0.38338029384613037,-0.02677418291568756,0.6295890808105469,0.4066087007522583,-0.07234711945056915,0.5599364042282104,0.44212663173675537,-0.051394153386354446,0.5001775622367859,0.4353739619255066,-0.022574784234166145,HURT
0.1814851462841034,0.6564656496047974,-3.052551278415194e-07,0.1363927721977234,0.5320214629173279,0.04292721673846245,0.19228680431842804,0.4400802552700043,0.057328011840581894,0.26962149143218994,0.360960453748703,0.07298789918422699,0.29059484601020813,0.2808612287044525,0.08974718302488327,0.3524434566497803,0.4334471523761749,0.00727896997705102,0.4747837781906128,0.34290048480033875,0.012468505650758743,0.5432157516479492,0.2912612557411194,0.023984288796782494,0.6008458137512207,0.25149932503700256,0.035074327141046524,0.4151906669139862,0.4841635227203369,0.005685732699930668,0.48235252499580383,0.4299468398094177,0.042743731290102005,0.4410688877105713,0.4415389895439148,0.09484098106622696,0.4028008282184601,0.46226873993873596,0.12888649106025696,0.4425670802593231,0.5432955622673035,0.005113514140248299,0.5715049505233765,0.47044509649276733,0.0028949633706361055,0.6438685655593872,0.43243905901908875,0.0064494614489376545,0.6954271793365479,0.4079006612300873,0.007106750272214413,0.46670085191726685,0.6052674055099487,0.017396433278918266,0.5993512272834778,0.5660043954849243,0.022371049970388412,0.684328556060791,0.5589641332626343,0.033482953906059265,0.7514214515686035,0.5470989346504211,0.036918312311172485,SICK
0.318584680557251,0.6644964218139648,2.9707797466471675e-07,0.2576447129249573,0.5602129697799683,-0.03612586483359337,0.3016846477985382,0.46459296345710754,-0.05542757362127304,0.3768162429332733,0.3883950114250183,-0.06296321749687195,0.41270700097084045,0.31477823853492737,-0.06862399727106094,0.44874921441078186,0.46333545446395874,-0.05777743086218834,0.5403523445129395,0.3638989329338074,-0.054663874208927155,0.5920077562332153,0.30699479579925537,-0.03674248978495598,0.6352135539054871,0.26610493659973145,-0.0224568210542202,0.5154117345809937,0.5024702548980713,-0.02968527562916279,0.5356951355934143,0.43495050072669983,-0.016359323635697365,0.48087045550346375,0.43346521258354187,0.022839916869997978,0.4488089084625244,0.45098382234573364,0.0532466322183609,0.5507673621177673,0.5451791286468506,-0.005379614420235157,0.6335374116897583,0.461451917886734,-0.018773769959807396,0.6519435048103333,0.40707364678382874,-0.025645211338996887,0.6629843711853027,0.37481215596199036,-0.029028769582509995,0.5701631903648376,0.5847817659378052,0.022117240354418755,0.6841934323310852,0.5676584243774414,0.008635489270091057,0.7633869647979736,0.5567759275436401,-0.006907508242875338,0.8284949064254761,0.5507518649101257,-0.019010495394468307,SICK
0.30733853578567505,0.5696411728858948,-3.226041656034795e-07,0.2605436444282532,0.44477763772010803,0.05417604371905327,0.31663358211517334,0.3538830876350403,0.07140327244997025,0.3931736648082733,0.27719777822494507,0.08490701764822006,0.42006930708885193,0.19915197789669037,0.09826365113258362,0.4784148335456848,0.3459344208240509,0.05014447122812271,0.599673867225647,0.268434077501297,0.08257395029067993,0.6676192283630371,0.2235962450504303,0.10748982429504395,0.7247196435928345,0.1897696554660797,0.12346156686544418,0.5515902638435364,0.3966614603996277,0.04379880055785179,0.5962969064712524,0.35518497228622437,0.10015922039747238,0.5497241020202637,0.3711760640144348,0.15122470259666443,0.5155879855155945,0.39764103293418884,0.18190830945968628,0.581864058971405,0.4554143249988556,0.040039174258708954,0.6956965327262878,0.39204874634742737,0.06071295216679573,0.7583062052726746,0.35778722167015076,0.07376309484243393,0.8062684535980225,0.33919453620910645,0.07594254612922668,0.607672393321991,0.5198483467102051,0.04820919409394264,0.7428373098373413,0.47965192794799805,0.07478701323270798,0.8264336585998535,0.46922749280929565,0.09740253537893295,0.8997223377227783,0.4541513919830322,0.10598459094762802,SICK
0.30189433693885803,0.7968723177909851,-1.440610919445362e-08,0.24725496768951416,0.6625791788101196,0.0037552013527601957,0.3156750500202179,0.5588905811309814,-0.002242702292278409,0.4015442132949829,0.4754173755645752,-0.004758905619382858,0.42872291803359985,0.39133816957473755,-0.006558493711054325,0.4900802969932556,0.5581576228141785,-0.005361950956285,0.6161238551139832,0.4607745110988617,-0.0028064276557415724,0.6908620595932007,0.40237754583358765,0.009436061605811119,0.7534302473068237,0.3623013496398926,0.020886683836579323,0.5576614737510681,0.6109378933906555,0.0029519428499042988,0.6045231223106384,0.5491850972175598,0.02410699613392353,0.5508431792259216,0.5505120754241943,0.0702306479215622,0.5131410360336304,0.5715206265449524,0.10560113191604614,0.5885633826255798,0.6677566170692444,0.007115280255675316,0.7073396444320679,0.5860171914100647,-0.004629616159945726,0.7659404277801514,0.5300805568695068,-0.006756527815014124,0.80935138463974,0.4937509298324585,-0.007039282936602831,0.6080605387687683,0.726469874382019,0.01887800730764866,0.7458359003067017,0.6985498666763306,0.02017190493643284,0.8393320441246033,0.6866644620895386,0.023628996685147285,0.9148492813110352,0.6738256216049194,0.022100910544395447,SICK
0.31366583704948425,0.6437855362892151,-2.877464737593982e-07,0.2604106068611145,0.5047810673713684,0.04739086329936981,0.3196766972541809,0.40965768694877625,0.05735291913151741,0.3948754072189331,0.32554370164871216,0.06871792674064636,0.41615182161331177,0.23309887945652008,0.08003687113523483,0.4955359399318695,0.4032406210899353,0.01965257152915001,0.6158152222633362,0.31563228368759155,0.05216606333851814,0.6808127164840698,0.26177480816841125,0.08493708074092865,0.7420786619186401,0.22609491646289825,0.11008655279874802,0.5655798316001892,0.45928582549095154,0.027050184085965157,0.5993509888648987,0.40823400020599365,0.10256423056125641,0.530732274055481,0.42496317625045776,0.18146179616451263,0.4907810389995575,0.4528278410434723,0.23032738268375397,0.5966495275497437,0.5193607807159424,0.035863038152456284,0.7123578786849976,0.44356438517570496,0.06916581094264984,0.7660654783248901,0.39649730920791626,0.08401455730199814,0.811551570892334,0.3643089234828949,0.08358784765005112,0.6249170899391174,0.5784785747528076,0.05781061574816704,0.7571784853935242,0.5545040965080261,0.09164949506521225,0.8457584381103516,0.5477725267410278,0.10884443670511246,0.9206064939498901,0.535496711730957,0.11007816344499588,SICK
0.7276008725166321,0.5361233949661255,4.062301286467118e-07,0.7318911552429199,0.4214465022087097,0.022203095257282257,0.6716672778129578,0.3400366008281708,0.03469522297382355,0.5637314319610596,0.2995602488517761,0.05090716853737831,0.4919334053993225,0.32094016671180725,0.06869976222515106,0.48980048298835754,0.37077394127845764,0.011217589490115643,0.3424617648124695,0.36711812019348145,0.037376075983047485,0.2755144238471985,0.3706844747066498,0.06441453099250793,0.23982056975364685,0.37974977493286133,0.08512917906045914,0.45978114008903503,0.4368833303451538,0.01284920983016491,0.3002386689186096,0.4266120195388794,0.033562302589416504,0.23671627044677734,0.42761439085006714,0.06310159713029861,0.19884294271469116,0.43339967727661133,0.08726545423269272,0.4507061839103699,0.5044746398925781,0.019643161445856094,0.311784565448761,0.48633140325546265,0.030872857198119164,0.24474409222602844,0.4750879108905792,0.053443361073732376,0.20575281977653503,0.47427284717559814,0.0734625905752182,0.468428373336792,0.5642142295837402,0.030919604003429413,0.35924115777015686,0.5406330823898315,0.05761817470192909,0.31524935364723206,0.5242941379547119,0.08708229660987854,0.28739333152770996,0.5151729583740234,0.10991443693637848,TIRED
0.7372691631317139,0.7750244736671448,8.750126312406792e-07,0.7601145505905151,0.6585190296173096,-0.027770400047302246,0.6939625144004822,0.575766384601593,-0.036998845636844635,0.5791355967521667,0.5344120860099792,-0.034856006503105164,0.4938517212867737,0.5397588014602661,-0.03072570264339447,0.5218806862831116,0.6179486513137817,-0.04291580989956856,0.37540021538734436,0.5891726613044739,-0.036038126796483994,0.3052746653556824,0.5715571641921997,-0.021242499351501465,0.2674742341041565,0.5629180669784546,-0.00783612485975027,0.48835575580596924,0.6877899765968323,-0.02423352748155594,0.33539167046546936,0.6447076201438904,-0.017407068982720375,0.2658062279224396,0.6196978092193604,0.002244990784674883,0.22291678190231323,0.6022422909736633,0.01981729082763195,0.4783814549446106,0.7451945543289185,-0.004507448058575392,0.34835654497146606,0.7022436261177063,0.0006870906800031662,0.28410905599594116,0.6686771512031555,0.013468751683831215,0.24537749588489532,0.6455017328262329,0.024882718920707703,0.48933127522468567,0.7905477285385132,0.014275903813540936,0.3867042064666748,0.7483596801757812,0.024565987288951874,0.3408397436141968,0.718437910079956,0.03831016272306442,0.3164122700691223,0.6929028630256653,0.05085074529051781,TIRED
0.708321213722229,0.6217496395111084,7.251441616062948e-07,0.7512398958206177,0.5044664740562439,-0.02379104122519493,0.7167645692825317,0.40982958674430847,-0.0395500548183918,0.6118640899658203,0.3476048707962036,-0.04501862823963165,0.520185649394989,0.35879993438720703,-0.05170883238315582,0.5348780155181885,0.4320392608642578,-0.06599099934101105,0.3724824786186218,0.3854367434978485,-0.07742544263601303,0.29164865612983704,0.36306512355804443,-0.07673380523920059,0.24157018959522247,0.35148531198501587,-0.07325924187898636,0.47928300499916077,0.4998452663421631,-0.0562867671251297,0.3120962083339691,0.4428253471851349,-0.06982923299074173,0.22960489988327026,0.41315242648124695,-0.06812357902526855,0.1787126362323761,0.39367562532424927,-0.0647059977054596,0.4515416920185089,0.5618064403533936,-0.04307544231414795,0.30683910846710205,0.5081014037132263,-0.05366281419992447,0.23363539576530457,0.4703853130340576,-0.05660642683506012,0.18563532829284668,0.4433829188346863,-0.05744904279708862,0.44666847586631775,0.6147068738937378,-0.02885427698493004,0.3451506793498993,0.5646414160728455,-0.030422328040003777,0.3033607006072998,0.5339912176132202,-0.02465764805674553,0.27760159969329834,0.5070457458496094,-0.018977422267198563,TIRED
0.5881728529930115,0.6660928726196289,8.98508915270213e-07,0.5990597009658813,0.5317398905754089,0.04376433417201042,0.5256577134132385,0.45458078384399414,0.09893552958965302,0.4398089647293091,0.42434632778167725,0.15789592266082764,0.3732162117958069,0.4392300248146057,0.2269183099269867,0.3420162498950958,0.4939419627189636,0.146569162607193,0.24122464656829834,0.47684523463249207,0.24536335468292236,0.19613367319107056,0.46577638387680054,0.324347585439682,0.1776657998561859,0.46672701835632324,0.3836541175842285,0.32317808270454407,0.560302197933197,0.17532770335674286,0.21390320360660553,0.5326910614967346,0.2808057367801666,0.17595091462135315,0.5158724784851074,0.36715537309646606,0.15300554037094116,0.5063668489456177,0.4380541443824768,0.3219435214996338,0.6141394972801208,0.2049785554409027,0.23180712759494781,0.5877522230148315,0.290820449590683,0.19128763675689697,0.5651956796646118,0.367847204208374,0.16986782848834991,0.5504929423332214,0.4310673773288727,0.341918021440506,0.6656589508056641,0.23634032905101776,0.26651257276535034,0.6359536647796631,0.3243950605392456,0.23945118486881256,0.6143879294395447,0.3934040069580078,0.2224520742893219,0.5969731211662292,0.45086783170700073,TIRED
0.6101133823394775,0.6332953572273254,9.726494454298518e-07,0.6599795818328857,0.5264341235160828,-0.03585555776953697,0.6279922127723694,0.43999505043029785,-0.05532242730259895,0.5346447229385376,0.3778083920478821,-0.06306722015142441,0.4466054439544678,0.37831366062164307,-0.06988082826137543,0.45748215913772583,0.4564096927642822,-0.0687706395983696,0.3215937614440918,0.39963072538375854,-0.07731442153453827,0.24998420476913452,0.36823195219039917,-0.07114869356155396,0.20544275641441345,0.3500075340270996,-0.06237946078181267,0.40538665652275085,0.5151568651199341,-0.05152908340096474,0.2625179588794708,0.44459256529808044,-0.061775725334882736,0.19169870018959045,0.40624648332595825,-0.05138101056218147,0.14267177879810333,0.3795410692691803,-0.03867356479167938,0.3778615891933441,0.5671536922454834,-0.03281309828162193,0.25389277935028076,0.5032164454460144,-0.04162846878170967,0.188913494348526,0.4591287076473236,-0.03666897490620613,0.1479267179965973,0.4290355443954468,-0.02858719229698181,0.3708694279193878,0.610348105430603,-0.014985334128141403,0.2750662565231323,0.5544323921203613,-0.014770281501114368,0.23233184218406677,0.517163872718811,-0.0065445853397250175,0.20911358296871185,0.4875229001045227,0.002929620910435915,TIRED
0.729291558265686,0.7111358642578125,1.156597022600181e-06,0.7743563652038574,0.6197295188903809,-0.08641548454761505,0.7337366938591003,0.511421799659729,-0.11473549902439117,0.6819305419921875,0.41870516538619995,-0.13263088464736938,0.6735950708389282,0.33835816383361816,-0.1476115733385086,0.5338619947433472,0.4743368923664093,-0.05011291801929474,0.4452745318412781,0.37908822298049927,-0.08339403569698334,0.3854256570339203,0.31533440947532654,-0.11475476622581482,0.33299124240875244,0.26153048872947693,-0.13994945585727692,0.4685177206993103,0.5129743814468384,-0.03409974277019501,0.35074543952941895,0.4298226237297058,-0.06394089013338089,0.27455270290374756,0.3696325123310089,-0.09568120539188385,0.21512487530708313,0.3180723786354065,-0.1192360520362854,0.43573182821273804,0.5628818869590759,-0.028859807178378105,0.331214964389801,0.4872462749481201,-0.06401889026165009,0.2702702283859253,0.4305952191352844,-0.09428305923938751,0.22037050127983093,0.3804251253604889,-0.1142745167016983,0.4235590696334839,0.6220628619194031,-0.03210628777742386,0.3315982222557068,0.573699414730072,-0.0710572674870491,0.2710481286048889,0.5407099723815918,-0.09357579797506332,0.21560987830162048,0.5060581564903259,-0.10703907161951065,VOMIT
0.7021728157997131,0.6534264087677002,1.0315062581867096e-06,0.7553157210350037,0.5542894601821899,-0.08649817854166031,0.7199268937110901,0.43810364603996277,-0.1139589250087738,0.670319676399231,0.3437112867832184,-0.13078564405441284,0.670799970626831,0.2619738280773163,-0.14580416679382324,0.5264277458190918,0.39922454953193665,-0.062238190323114395,0.43938857316970825,0.2995193600654602,-0.10177790373563766,0.38429349660873413,0.23463493585586548,-0.1360321193933487,0.33773601055145264,0.17828965187072754,-0.1629418432712555,0.4556645452976227,0.43778663873672485,-0.04873083531856537,0.3407342731952667,0.3454417884349823,-0.08499381691217422,0.2668622136116028,0.28039851784706116,-0.1195121631026268,0.21184426546096802,0.22731265425682068,-0.1454555243253708,0.41824713349342346,0.48962438106536865,-0.04608796536922455,0.31143778562545776,0.4086751639842987,-0.08821744471788406,0.2535800337791443,0.3484789729118347,-0.12317673116922379,0.208736389875412,0.29461830854415894,-0.1465747207403183,0.4014380872249603,0.5502398014068604,-0.05160842463374138,0.31181129813194275,0.4945356845855713,-0.09705217182636261,0.2524262070655823,0.4548892378807068,-0.12531621754169464,0.19900763034820557,0.4124760627746582,-0.14369526505470276,VOMIT
0.6491763591766357,0.8178001642227173,1.6089579730760306e-06,0.689775824546814,0.7370420694351196,-0.112057626247406,0.6476674675941467,0.649255633354187,-0.16711507737636566,0.5863021612167358,0.5683101415634155,-0.20498333871364594,0.5744919776916504,0.48480701446533203,-0.24020320177078247,0.4437750577926636,0.617344319820404,-0.11277303844690323,0.3369646668434143,0.5330727696418762,-0.16966842114925385,0.26175472140312195,0.4742826223373413,-0.21235013008117676,0.2011578381061554,0.42301708459854126,-0.2417721003293991,0.38127291202545166,0.6557257175445557,-0.08668655157089233,0.24802377820014954,0.5863410830497742,-0.13959628343582153,0.15632055699825287,0.5337602496147156,-0.18152333796024323,0.0852213203907013,0.4821431040763855,-0.20831646025180817,0.35380491614341736,0.7026808261871338,-0.06956090778112411,0.23498548567295074,0.6384900212287903,-0.1206388771533966,0.16310007870197296,0.5875369906425476,-0.15778863430023193,0.10664719343185425,0.5368638634681702,-0.17879009246826172,0.3527165353298187,0.7553701400756836,-0.06103220209479332,0.2545660734176636,0.7158535718917847,-0.10700954496860504,0.1897379755973816,0.6868640780448914,-0.1320428103208542,0.1327502727508545,0.6551037430763245,-0.1451851725578308,VOMIT
0.6004624962806702,0.6172742247581482,1.3421586118056439e-06,0.6141132116317749,0.5252174139022827,-0.09900719672441483,0.5413261651992798,0.4256992042064667,-0.13102929294109344,0.46945762634277344,0.33740556240081787,-0.15004010498523712,0.44236594438552856,0.25370025634765625,-0.16442666947841644,0.35316601395606995,0.403642475605011,-0.049358293414115906,0.2363368272781372,0.32040509581565857,-0.08025538921356201,0.16030728816986084,0.2638903260231018,-0.10874073207378387,0.09948499500751495,0.2172853797674179,-0.12958963215351105,0.29812222719192505,0.451092392206192,-0.02314130589365959,0.16281381249427795,0.3870580792427063,-0.0431051179766655,0.07440519332885742,0.33917468786239624,-0.06386662274599075,0.012105107307434082,0.29801133275032043,-0.07769718766212463,0.277212917804718,0.5035570859909058,-0.010387119837105274,0.15880976617336273,0.4445842504501343,-0.03537493199110031,0.09371998906135559,0.3981287181377411,-0.05340220406651497,0.045361876487731934,0.35534563660621643,-0.06352589279413223,0.27973610162734985,0.559927225112915,-0.008625376969575882,0.1844828575849533,0.5186347365379333,-0.03751980513334274,0.1248902678489685,0.4916665256023407,-0.05124020203948021,0.07364672422409058,0.4618212878704071,-0.05704851076006889,VOMIT
0.6778563261032104,0.6158097982406616,1.1538858188941958e-06,0.7053758502006531,0.5301837921142578,-0.09506339579820633,0.6571115851402283,0.4326220154762268,-0.13065563142299652,0.5995987057685852,0.3420638144016266,-0.15408164262771606,0.588001549243927,0.25827133655548096,-0.1737309992313385,0.4757348895072937,0.3925705552101135,-0.0659831315279007,0.3776281774044037,0.29716402292251587,-0.10750152170658112,0.3141785264015198,0.2338523119688034,-0.1412486433982849,0.26296937465667725,0.18108893930912018,-0.16562014818191528,0.4161175787448883,0.428169846534729,-0.04484029859304428,0.29538029432296753,0.34779196977615356,-0.07986544072628021,0.21354101598262787,0.2906951904296875,-0.10929971188306808,0.15296638011932373,0.24243725836277008,-0.12955865263938904,0.3899657726287842,0.474338173866272,-0.035146430134773254,0.28320515155792236,0.40354886651039124,-0.07230610400438309,0.22191083431243896,0.35103553533554077,-0.0979284718632698,0.17711681127548218,0.30357521772384644,-0.11334780603647232,0.38522589206695557,0.5288609266281128,-0.03496687859296799,0.2976263165473938,0.4828971326351166,-0.07333448529243469,0.23984481394290924,0.44954484701156616,-0.09363094717264175,0.18983449041843414,0.4156590700149536,-0.10445898771286011,VOMIT
